,log2fc,padj
CTNND1,0.6022732281391265,0.0004604683117145764
ARHGAP31,0.6486410671746854,0.0004604683117145764
CHN2,0.5532219722094376,0.0005505046620706087
TNS3,0.6524029994830407,0.0005505046620706087
ZNF418,0.6465319320295977,0.000586679149948721
SLC39A11,0.5370446233523776,0.0006038101938207864
WDR11,0.6591229831645089,0.0006563884238879991
SNX29,0.4723581234727856,0.0007259224462656194
CRYBG3,0.7165439452527629,0.0007364525284452626
MYOF,0.8168710082582429,0.0007364525284452626
SCIMP,0.5496446432400415,0.0012438043172210739
CSF1R,0.49602328968722986,0.0012702973165056488
PDGFC,0.5394841618695938,0.0012702973165056488
RASSF4,0.49979286099826936,0.0012702973165056488
ROBO3,0.7338323093307977,0.0012702973165056488
SIDT2,0.6238621891552967,0.0012702973165056488
CDC42BPB,0.47905249218058543,0.0012702973165056488
TRIO,0.5572969028084227,0.0012702973165056488
GRK3,0.5086045056605686,0.0014375063216886708
CYP2U1,0.6167369872157806,0.0014375063216886708
GALNT6,0.45221617124426405,0.0014375063216886708
ADAP2,0.4411149583398095,0.0015888935653430762
SHTN1,0.8897808935667437,0.0015888935653430762
TIMM8A,0.46133671833522394,0.0015888935653430762
CRHBP,0.2336957018804558,0.00162447297907897
MAP10,0.4950721630434751,0.0021235532918982406
OCRL,0.4866270535336099,0.0021235532918982406
RTN4IP1,0.4346728354602538,0.0021235532918982406
CCR2,0.6497710014279576,0.0021235532918982406
FZD1,0.5220171605553952,0.0021235532918982406
GAS6,0.5075169879135986,0.0021235532918982406
NAGA,0.44040620331404146,0.0021235532918982406
ARPIN,1.0570181489281136,0.0021235532918982406
ENSG00000286905,0.385922595046549,0.0021235532918982406
FUT4,0.5085371090785364,0.0021235532918982406
CDYL,0.3370186459209723,0.0021581698238589964
NBAS,0.5747838627035353,0.0021581698238589964
PTGER2,0.6124376244232117,0.0023317401511056446
IMPACT,0.5601713930235688,0.0023317401511056446
SMG1P3,0.8252710026207541,0.0028259661312949654
SLC43A3,0.41237118220753555,0.0028446343954051084
LY75-CD302,1.4924697590148863,0.0028446343954051084
ZIK1,0.5874103882883688,0.0028446343954051084
PLD2,0.4144103739042695,0.0028446343954051084
DPYD,0.5394448854411573,0.0028446343954051084
RTN1,0.5675196350922294,0.0028446343954051084
ACO1,0.44576175169433174,0.0028446343954051084
ASCC3,0.6056971211338471,0.0028477789513096465
MYCL,0.5555245219880445,0.0029446176752652145
ZXDA,0.6086725422470287,0.002990729697337144
COPG2,0.5916188812532321,0.003042657743334153
HFE,0.44972021907697,0.003042657743334153
FAM106B,0.08972796265166665,0.003042657743334153
BCL2,0.7345105228541007,0.003042657743334153
P2RX7,0.4980419813710606,0.0030434300512742463
PDPR,0.6663965860838905,0.0030572107355550555
PLXNB2,0.4551167382413226,0.0030572107355550555
GM2A,0.5860190886685448,0.003058885461810778
SIGLEC22P,0.39266788321447943,0.003058885461810778
SMIM13,0.5267823725725136,0.003058885461810778
FAM135A,0.5591529637338777,0.003058885461810778
BAHCC1,0.432002192990004,0.003058885461810778
TMTC2,0.5251915207916067,0.003058885461810778
TACSTD2,0.7462774502334374,0.003058885461810778
ZNF551,0.6226860291781136,0.003200970058234662
PEG10,0.5515558972699748,0.003200970058234662
PUS7,0.5329055144067611,0.003200970058234662
NHSL3,0.4136588431658732,0.003200970058234662
ENSG00000204556,0.13677393321737225,0.003200970058234662
UTRN,0.639254103194073,0.003200970058234662
S100Z,0.39041409043509057,0.003200970058234662
EMBP1,0.30848664838902445,0.003200970058234662
CD300C,0.42570224479391205,0.003243173415751995
SNX30,0.531092871326682,0.003243173415751995
MYCBP2,0.623214379930503,0.003243173415751995
AMER1,0.5215095497464892,0.003301702522141437
NPIPB14P,0.44044222369944896,0.003301702522141437
TASOR2,0.6588042101877507,0.003301702522141437
EXD2,0.500135457244749,0.003301702522141437
SRD5A1,0.43749244245596675,0.003301702522141437
TBC1D5,0.5400106185885551,0.003301702522141437
E2F6,0.4897223986257355,0.003301702522141437
AMFR,0.4116113782873345,0.003301702522141437
SLC20A1,0.46805877337377666,0.003301702522141437
VPS54,0.6002521803983178,0.003301702522141437
NLN,0.48973801510803927,0.003301702522141437
CYBB,0.5576859077913792,0.003301702522141437
DDX11,0.9633949382844067,0.003301702522141437
VENTX,0.4452018588933444,0.003301702522141437
AMOTL1,0.3497003532544807,0.003301702522141437
PANX1,0.43497559987430545,0.0033449930702344256
SFT2D2,0.5795202855316441,0.0033675091393856878
ADGRD1,0.6221069203134919,0.0033675091393856878
SACK1H,0.37796006185072706,0.0034782818541873235
HSPA8P15,0.1350846692028436,0.0035889666264726974
TBC1D9,0.6062450881657879,0.0035889666264726974
IARS2,0.5214228110823926,0.0035889666264726974
SLC24A1,0.46887896881804414,0.0035889666264726974
BMS1P4,0.46632178643649347,0.0035889666264726974
ZNF547,0.435103723992992,0.0035889666264726974
ARMH3,0.41497538844997006,0.0035889666264726974
LARP1,0.4508780411451365,0.0035889666264726974
AHNAK,0.7367429796304865,0.0035889666264726974
TM9SF4,0.3857905210480643,0.0035889666264726974
TPK1,0.44036389427151645,0.0035889666264726974
HERC3,0.84713300420312,0.0035889666264726974
ZNF304,0.5187959829078168,0.0035889666264726974
ZNF543,0.4348833249056028,0.0035889666264726974
TTYH3,0.45876048145877135,0.0035889666264726974
GOLGA8M,0.4030885998227456,0.0035889666264726974
ASNSD1,0.6533926596805273,0.0036225979804041693
TAGLN,0.7100099595406046,0.0036225979804041693
VPS13D,0.580967370400109,0.0036225979804041693
DYNC1H1,0.5405631518841565,0.003630857143528865
ITIH4,0.4822583077997984,0.003637099378120854
POLR1A,0.5950831334915883,0.003682012858723881
EMILIN2,0.396313491162843,0.0037257944385739763
ZNF773,0.4304220417423128,0.0037486690744661486
ATRN,0.5369869309796469,0.0037486690744661486
SLC25A13,0.37211921609675835,0.0037486690744661486
SCRN1,0.5600743954940359,0.0037486690744661486
SFMBT2,0.6939104902308375,0.0037486690744661486
PGBD4,0.5471604237434202,0.003769858173829368
SMAD3,0.5722694519970224,0.003791750342058655
RNF207,0.5226728797065212,0.003791750342058655
NCEH1,0.4256888228684792,0.003791750342058655
ZNF618,0.48548219571765916,0.003791750342058655
EMC1,0.5343193199509368,0.0038376301762475993
MEST,0.5682772519710828,0.0038396351740455966
ARFGEF2,0.6541850415622257,0.003854015091629073
CCDC144BP,0.745148232204256,0.0038818948708432503
ZCCHC14,0.6432572193939681,0.0038818948708432503
DNAJC13,0.518504854245009,0.0038818948708432503
FUCA2,0.39738778428880606,0.003908296925941382
BACE1,0.46914701974612516,0.003908296925941382
URB2,0.5647035796651929,0.0039886085426812734
NID1,0.6590298601779643,0.0039886085426812734
PLA2G4A,0.44579978484590743,0.0039886085426812734
AGPAT3,0.33514756571069704,0.0039886085426812734
SASH1,0.48425682673858805,0.00399536103400087
H6PD,0.4992237711016285,0.0040062314335810294
SETD9,0.3629801318533582,0.0040062314335810294
TIFAB,0.5950380705078706,0.004072069979693025
NCR3LG1,0.6714549837179626,0.004072069979693025
ZNF846,0.574113211546579,0.004072069979693025
TJP2,0.4955460885770373,0.0040790190177298555
KIF13B,0.4888755256598172,0.004280534537046809
RUSC2,0.36798717206898646,0.004280534537046809
NUP93,0.44001313778519435,0.004280534537046809
CHD6,0.6045745798683582,0.0043179867427851236
XPO4,0.6577346697654844,0.0043179867427851236
NFE2L3,0.5625059633291629,0.004368252371554977
ZNF671,0.4778720701226895,0.004368252371554977
TTYH2,0.44919886074360704,0.004368252371554977
FARP2,0.4189882988834417,0.004368252371554977
KCTD20,0.44866865372710496,0.004368252371554977
NUP160,0.5633160497079421,0.004372575063281167
FMO5,0.4365343031104474,0.004372575063281167
TGFBI,0.45989641162599515,0.004372575063281167
EEF1A1P5,0.7861040082074426,0.004372575063281167
CUL1,0.49887065390307583,0.004388524417570546
CDYL2,0.528278839882665,0.004388524417570546
ZNF597,0.4809651137994231,0.004388524417570546
LDLRAD4,0.5355475899011877,0.004388524417570546
PTPN9,0.43378262785178023,0.004388524417570546
ZNF154,0.7577093825894257,0.004388524417570546
DMXL1,0.6396871184960986,0.004388524417570546
NUDT19,0.49685787610573007,0.004388524417570546
UVRAG,0.4358165502383171,0.004388524417570546
RBM22P2,0.15197504571958034,0.004388524417570546
KIAA0930,0.32578259901057915,0.004388524417570546
GIMAP8,0.4159672986487495,0.004388524417570546
HECTD1,0.5988189079485942,0.004388524417570546
ASRGL1,0.38373222779711336,0.004388524417570546
ATAD1,0.5658620347939451,0.004388524417570546
TNFRSF10B,0.5491763207184075,0.004388524417570546
ZNF136,0.5328773911460134,0.004388524417570546
SLC9A7P1,0.46024640441172027,0.004388524417570546
ZNF134,0.49907921181652704,0.004435054671772642
NRIP1,0.655214769848949,0.004435054671772642
CUL4A,0.420016037702692,0.004435054671772642
GLB1,0.32740892459043547,0.004435054671772642
CD36,0.6493731773469396,0.004435054671772642
MBTPS2,0.44704803987403174,0.004435054671772642
HERC2P2,0.9073052366464376,0.004435054671772642
DDX21,0.5401715184762335,0.004435054671772642
C17orf75,0.49130787398825904,0.004435054671772642
DST,0.5753198328684181,0.004496812149576001
DHX57,0.45856503388114156,0.004512581454145396
PPARGC1B,0.5491233347507651,0.004515212997903097
SLC66A3,0.5387055851323135,0.004518462723733882
DNAJC10,0.6093896294583532,0.004595334916801153
THAP9,0.42468223749307343,0.004595334916801153
APOL3,0.5170941016479782,0.004595334916801153
ZNF45,0.5446871153082151,0.004605655807955712
SMG1P7,0.4488404574162026,0.004605655807955712
MCM3AP,0.47028745597140187,0.004605655807955712
FOXO3B,0.5280359971707587,0.004643544960485296
ITPR1,0.5982450044742107,0.004650225358028425
NECAP2,0.3895701741568356,0.004650225358028425
LIG3,0.4535323426087574,0.00465857993056579
ATP9B,0.46346771177851,0.00465857993056579
SLC37A2,0.45836443961810946,0.00465857993056579
ENSG00000283236,0.37983520629537637,0.004659429713378119
HMGB1P6,0.7941458193153852,0.004659429713378119
ACSM3,0.4933732639952071,0.004659429713378119
ACTR8,0.4795228721117528,0.004659429713378119
ERLIN2,0.4675946360205101,0.004692963571679023
VWDE,0.3840675073256549,0.004692963571679023
ZNF600,0.7863315422031394,0.004692963571679023
RCBTB1,0.5572792582439141,0.004692963571679023
KDM4C,0.5087269560161607,0.004692963571679023
TTF2,0.5611323386709022,0.004692963571679023
STIMATE,0.41935857865806714,0.004692963571679023
WWC2,0.5757349674885421,0.004707378279192911
IRF2BP2,0.46720020350153746,0.004707378279192911
CMTM4,0.4371544607338711,0.004707378279192911
IRF8,0.5032617752526916,0.004707378279192911
NPC1,0.5534453970206945,0.004707378279192911
ULK2,0.4717956054801018,0.004707378279192911
SNTB1,0.48603104430248045,0.004707378279192911
DERL3,0.6032568210892543,0.004707378279192911
TRIM44,0.516231964047579,0.004707378279192911
EIF4G1,0.4030702846997478,0.004707378279192911
RHBDD1,0.4091888406691808,0.004707378279192911
BMF,0.3764672509848124,0.004707378279192911
FBXW11,0.4827141401670687,0.004707378279192911
MTPAP,0.48395520908383016,0.004707378279192911
PEA15,0.44649190364238756,0.004707378279192911
OSCAR,0.9761315722882462,0.004707378279192911
ZNF491,0.4336031112351002,0.004707378279192911
MGAT5,0.4828251713139764,0.004707378279192911
EXOSC6,0.578855301250635,0.004707378279192911
DOCK10,0.6427504878236157,0.004707378279192911
NAAA,0.39249689453390957,0.004707378279192911
DDI2,0.48406478643604167,0.004746649345711718
GSAP,0.5402039321357677,0.004811358920844322
SAR1B,0.5653708556191184,0.004837328439916312
BMAL2,0.33929868846355105,0.004837328439916312
ARHGAP32,0.5288053758406792,0.004837328439916312
DUSP10,0.3783676276810528,0.004837328439916312
FAM114A1,0.31236952312995414,0.004837328439916312
VPS13C,0.6770525679725328,0.004837328439916312
GNPDA1,0.42103509950603835,0.004865170408928307
SORT1,0.4815717990931496,0.004865170408928307
DDX52,0.7140418001664273,0.004865170408928307
BIRC6,0.5971584279145068,0.004870515942034316
EFTUD2,0.39686806993676527,0.004902978640839954
TIAM1,0.5494609274534952,0.004902978640839954
C2CD2,0.5054273435133902,0.004902978640839954
SYNE2,0.6320084225326683,0.004902978640839954
MTO1,0.48802409776724964,0.004902978640839954
SEC23IP,0.48945066176415075,0.004902978640839954
ANKRD50,0.5048351839356906,0.004902978640839954
TMEM14B,0.4763668550645592,0.004902978640839954
DAGLA,0.388143638279592,0.004902978640839954
CD4,0.47274942227286054,0.004902978640839954
ABHD10,0.5288728914393532,0.004902978640839954
OPN3,0.45234261172261814,0.004902978640839954
PARS2,0.3656356146680153,0.004902978640839954
RANBP6,0.6938220006806981,0.004902978640839954
GLUD1,0.4470287373570061,0.004902978640839954
NNT,0.5405265430641215,0.004902978640839954
OXSM,0.4712290324048076,0.004902978640839954
SEC61A1,0.42987061784442737,0.004902978640839954
NAA25,0.5860038054109586,0.004902978640839954
QTRT2,0.4859120156779646,0.004902978640839954
ECPAS,0.44612517478907154,0.004902978640839954
KLHL9,0.620498165463391,0.004902978640839954
LRBA,0.6219081437109173,0.004902978640839954
TOGARAM1,0.4827098345276202,0.004902978640839954
SETBP1,0.5002983335482631,0.004902978640839954
ZNF844,0.47094902217610013,0.004902978640839954
KLF4,0.4764341805562502,0.004902978640839954
KCTD3,0.453922125638867,0.004902978640839954
MTMR11,0.4078191174409138,0.004902978640839954
NEK9,0.48124416557002103,0.004902978640839954
ZNF469,0.393078724506539,0.004902978640839954
ZNF256,0.49674226553694867,0.004902978640839954
SUMF1,0.36328444304060215,0.004902978640839954
EEF1A1P12,0.20802071535996272,0.004902978640839954
SNED1,0.6122622312918673,0.004902978640839954
DTWD2,0.4156594466101682,0.004902978640839954
TRAF3,0.4421922379827592,0.004902978640839954
NUDT3,0.4439766982617739,0.004902978640839954
CLCN5,0.41804528969927945,0.004902978640839954
SLC4A4,0.5318595743039272,0.004902978640839954
SERPINB6,0.4651510044214824,0.004902978640839954
KLF11,0.4643391085548929,0.004902978640839954
N4BP2,0.6778424344658762,0.004902978640839954
SCARB2,0.445987324596099,0.004902978640839954
DDX12P,0.4126090526069549,0.004902978640839954
CAPN3,0.3787524715674415,0.004902978640839954
IRF5,0.3732751289108194,0.004902978640839954
STARD7,0.47935823932658916,0.004902978640839954
TGIF1,0.4862265307046667,0.004902978640839954
PRICKLE1,0.48782787729913224,0.004902978640839954
GTF3C4,0.5555014415192732,0.004902978640839954
ABCD2,0.6953686943740078,0.004902978640839954
TRAPPC11,0.5064986304744075,0.004902978640839954
MAP2K1,0.4437575905205602,0.004902978640839954
NCKAP1L,0.3844150736752594,0.004902978640839954
CRYBG1,0.48461315024463936,0.004902978640839954
NBPF20,0.46495477979323274,0.004902978640839954
ZNF548,0.5772144326781872,0.004902978640839954
UBE3C,0.5287720784522598,0.004902978640839954
SERINC5,0.593690190244855,0.004902978640839954
ASXL2,0.6162242931779325,0.004902978640839954
LRP1,0.43055176929156147,0.004902978640839954
ADGRG6,0.31752483628334266,0.004902978640839954
LONP2,0.5449085169277135,0.004902978640839954
ENSG00000261611,0.5287685897589377,0.004902978640839954
PCBD2,0.4530882543336583,0.004902978640839954
MTMR8,0.29503845823263897,0.004902978640839954
MIS12,0.564659125755782,0.004902978640839954
CLMN,0.5018210303859592,0.004902978640839954
LIMD1,0.4899121010400007,0.00496514031252368
SEH1L,0.4499073432866516,0.00496514031252368
PITRM1,0.4250752959167512,0.0049757849268925085
USP31,0.40014825481869565,0.0049757849268925085
MTSS1,0.4891018556329998,0.0049757849268925085
PTPRM,0.8326601573128101,0.005004908745436115
TSACC,-0.04656199049968002,0.005022904000837325
NARS2,0.481070459089191,0.005023679073823886
ZSCAN18,0.532972906817661,0.005025287614633946
ZNF333,0.5010499036956793,0.005025287614633946
MGA,0.6159590976808058,0.005028216603982321
ENOX2,0.47461123468836286,0.005028216603982321
SH3TC1,0.4723731008159371,0.005028216603982321
DCAF7,0.4410006235025552,0.005028216603982321
KARS1,0.3586275429618908,0.005028216603982321
TPCN2,0.48966183265347585,0.005028216603982321
EME2,0.4109735570757178,0.005028216603982321
BLTP2,0.42591576826891053,0.005028216603982321
FIG4,0.3459038760486761,0.005050055581281341
TSTD2,0.493983020321477,0.00505389987554675
FGD2,0.36861426036877365,0.00505389987554675
C12orf76,0.39706306156551907,0.005060058681906942
GCNT1,0.40536034966988543,0.005060058681906942
CTSH,0.4407443776929165,0.005060058681906942
LUZP1,0.5480668425683333,0.005060058681906942
ZC3H7A,0.4930433551477815,0.005060058681906942
RECQL5,0.3915710610920855,0.005060058681906942
SETDB1,0.3425141172249111,0.005060058681906942
FYCO1,0.5359679559792783,0.005060058681906942
RAD9B,0.2880378167946518,0.005060058681906942
HTR6,0.40738337791146917,0.005060058681906942
COG3,0.5213862926498907,0.005060058681906942
EXOC6B,0.4983147266262713,0.005060058681906942
ALDH3A2,0.4694675928773142,0.005060058681906942
MROH8,0.21576150391893234,0.005060058681906942
FKBP14,0.4621999009376012,0.005060058681906942
CERS6,0.5332338919294415,0.005060058681906942
RECK,0.5814433170863214,0.005060058681906942
ZNF814,0.5314330422196076,0.005093479731090818
ARSB,0.45900438201626015,0.005114107874110971
XPO5,0.47653435163174596,0.005114107874110971
NUP133,0.4803664761567745,0.005114107874110971
APP,0.46431088734539117,0.005114107874110971
IPO8,0.5181611859502748,0.005114107874110971
ANKRD27,0.453906095772191,0.005114107874110971
MTHFD1,0.4320584783559456,0.005114107874110971
DDIAS,0.48142118701094283,0.005114107874110971
SEPTIN2,0.4924233480050848,0.005114107874110971
SPINT2,0.3510453828307627,0.005114107874110971
TEP1,0.4417463617452695,0.005114107874110971
CASP3,0.5488834151607112,0.005114107874110971
RIC1,0.5160815831698891,0.005127999354383143
TASP1,0.42945052383586524,0.005133062732725657
TRAK1,0.4020609699986073,0.005135840807200667
MPEG1,0.46762012881598736,0.005135840807200667
ZNF75D,0.5609828069651956,0.005135840807200667
AGPS,0.5136177348841047,0.005145351610151068
SMARCC1,0.4635318396671746,0.005145351610151068
ZNF225,0.45466448813220817,0.005152162591428435
FRYL,0.5783700851657043,0.005152162591428435
HNRNPA1P70,0.31267603300500224,0.005152162591428435
ACTBP2,0.12447268893526847,0.005159636387933459
ZW10,0.42308775762546036,0.005159636387933459
ZMYM4,0.5311312045363907,0.005160507485724003
SND1,0.3733298441843278,0.005160507485724003
TRPS1,0.5044572123192075,0.005160507485724003
NFE2,-0.34104750231519176,0.005160507485724003
ZNF528,0.619555838241113,0.005160507485724003
ZNF471,0.41706097417693544,0.005160507485724003
RAD54L2,0.5345979934953693,0.005175226846267939
MIDEAS,0.4732128753534086,0.0052004431629232625
DHX35,0.431417186442542,0.0052004431629232625
ATXN10,0.44698428594580086,0.005218772999080871
ETV3,0.4971335511699344,0.0052218190124061975
AQR,0.511234478821879,0.005223366541232002
FLVCR2,0.4003522623632856,0.005259797972416699
ATP2A2,0.4768207580885955,0.005296276943173391
ITPRIPL2,0.43039402444853536,0.005296276943173391
COG2,0.48168632008589096,0.005296276943173391
RREB1,0.4285397500796124,0.005296276943173391
NBPF14,0.3948303729646492,0.005308759803630057
GTF3C3,0.528482033553952,0.005308759803630057
UTP20,0.6290795837247214,0.005308759803630057
ATXN7L3B,0.5612031912101418,0.005366441932507465
SGSH,0.5328336402691223,0.005366441932507465
IRAK2,0.37922653470096845,0.005416661908743839
DPYSL2,0.3951347272832644,0.005430750790999849
DDX42,0.4448645116983645,0.0054334644233653
RMND1,0.44049461248879096,0.0054334644233653
CES4A,0.3316610906254658,0.0054334644233653
CLASP2,0.5385399802522839,0.0054334644233653
WDR36,0.5751261590117078,0.005438773821197696
YWHAG,0.45046841115526526,0.005438773821197696
POFUT1,0.424084306030041,0.005438773821197696
ATR,0.5794866679572506,0.005438773821197696
FER,0.5334591979240022,0.0054770369406963735
TTC19,0.5572585716364689,0.0054770369406963735
EHD4,0.4207608449526967,0.0055078367381743674
PUM1,0.4959411360927719,0.005539632243672423
DMAC2L,0.4238420068683211,0.005539632243672423
GPR55,0.5329444953722611,0.005539632243672423
RPP14,0.47417149601738107,0.005539632243672423
ZNF439,0.5842099044622269,0.005541297852103299
ZNF595,0.5463674404600285,0.005541297852103299
INO80,0.44698170058686326,0.005541297852103299
LONRF1,0.5100270083284988,0.005541297852103299
DOP1A,0.5688196732428938,0.005541297852103299
UGDH,0.5167335491813976,0.005541297852103299
GANC,0.4729208086362915,0.005541297852103299
CLTC,0.4807926301365528,0.005544620103121405
DNAAF9,0.45952710634353,0.005544620103121405
OPA1,0.5104852249358158,0.005549775926791706
ARAP2,0.6383648694287007,0.005564108761702402
ZNF587B,0.4922677813272536,0.005564108761702402
YPEL2,0.42805857008672454,0.005597813499599524
TSN,0.4731414062627737,0.005626446973116837
ZNF549,0.5502758780849941,0.005644729031933294
HELQ,0.5385249254755085,0.005658391621457168
ZFP30,0.5062125282539349,0.005664119907094289
INTS2,0.5683035520493345,0.005664119907094289
DTD2,0.46620321627818573,0.005664119907094289
PEX10,0.3186296351906108,0.005664119907094289
PARG,0.4544490549700919,0.005664119907094289
RCAN1,0.45401127023839205,0.005664119907094289
CTSF,0.5179974466167572,0.005664119907094289
RIN2,0.44565987351571135,0.005664119907094289
ZNF682,0.45077687198604544,0.005664119907094289
NSUN4,0.4394797492339819,0.005664119907094289
BCOR,0.5133326333540298,0.005664119907094289
CCDC88A,0.581725438874531,0.005664119907094289
SON,0.4651610669877444,0.005664119907094289
SCOC,0.65001470040629,0.005664119907094289
ETF1,0.40908490677021714,0.005664119907094289
KANSL2,0.500388859792464,0.005689593611487703
HEXA,0.4296772092251775,0.005698613972182007
PDPR2P,0.5077301864763242,0.0056989038941679775
ZNF776,0.5211306543114453,0.0056989038941679775
DHX33,0.46460823643492066,0.005728911567906556
CASK,0.5646814771743238,0.005730542424964656
ZNF330,0.4327616864345716,0.005755474073194043
ARHGEF6,0.4611068065213022,0.005755474073194043
TOMM70,0.5674483113270723,0.005757849767806223
USP24,0.528534766092287,0.005757849767806223
EP400,0.5206291038181803,0.005762723872287563
ATP1B3,0.3946386950385863,0.005787541751607224
GZF1,0.4292839001713551,0.005792725486160721
AP1AR,0.5785879070862423,0.005812469035005015
USP40,0.43628349339354466,0.0058212779798174265
CREBL2,0.4793546098433277,0.0058212779798174265
SIRT1,0.57436269182283,0.005827670785818849
MARS2,0.5464472120158512,0.005827670785818849
ZNF322,0.535700177136369,0.005848602344819945
SRSF2,0.493519643698229,0.005848602344819945
RFC3,0.38298777300507814,0.005848602344819945
QSER1,0.560418891270908,0.005848602344819945
OSBP,0.4498959603386785,0.005848602344819945
GNS,0.4330002458939193,0.005848602344819945
PAN2,0.4700571001485754,0.005848602344819945
ZNF510,0.567756240098805,0.005848602344819945
TAS2R14,0.323995197531299,0.005848602344819945
ENSG00000283761,0.6398022312819471,0.005848602344819945
RFX7,0.6375646588697466,0.005848602344819945
HTT,0.4718358145299222,0.005848602344819945
ZNF235,0.47296226203802627,0.005877548965881209
ACVR2B,0.7628955017080239,0.005907926344526865
TRRAP,0.5203003642514226,0.005907926344526865
GSTCD,0.41889046763444426,0.005909606630414357
PARP11,0.49018050524346624,0.005909606630414357
NCBP1,0.48770762422089486,0.005909606630414357
PHAF1,0.33152368104433627,0.005909606630414357
FCF1P2,0.39118073380576734,0.0059164382154098
DOP1B,0.40263123136339285,0.005935730246535587
AKAP7,0.488962206910025,0.005950383127757865
ADA2,0.38266107229710045,0.0059616671253048484
LSP1P4,0.16162391649173902,0.005992378667068299
TBC1D8,0.43376177212636513,0.006006734132922251
TMPRSS13,0.33595618860159915,0.006006734132922251
SLC23A2,0.5179770404456443,0.006020974731282974
EPG5,0.5213497341604763,0.0060429534318399225
ZNF366,0.4149278976934132,0.0060429534318399225
SMG8,0.4084284396979778,0.0060429534318399225
AASDHPPT,0.5245824038773002,0.0060429534318399225
SLFN11,0.5547450705832286,0.0060429534318399225
PRKG2,0.3976054433746148,0.006116456504630542
NUP205,0.5413152921731506,0.006116456504630542
RPS6KC1,0.4285681171772575,0.006116456504630542
FBXO34,0.4279073738893171,0.006116456504630542
ZNF169,0.43746525082531695,0.006116456504630542
EIF4A3,0.3714257994966603,0.006116456504630542
ADPRH,0.3871963590612544,0.006116456504630542
MFSD11,0.3923470557857094,0.006116456504630542
TEX10,0.46104756180657436,0.006116456504630542
DCTD,0.5281742602038104,0.006116456504630542
HSDL1,0.45546099142411745,0.006116456504630542
PER2,0.4317929462948218,0.006129095304946226
MAPKAPK5,0.5152735642945476,0.00614774224108877
SSR3,0.47471081891284594,0.00614774224108877
MRM2,0.3972073889283818,0.00614774224108877
ZNF480,0.5991807131650329,0.00614774224108877
PCGF6,0.3981349047619227,0.00614774224108877
TCAF1P1,0.2864252488273195,0.00614774224108877
TRIAP1,0.571431943207219,0.00614774224108877
ADAT1,0.45953971223533774,0.00614774224108877
MAFB,0.49277723946055385,0.00614774224108877
ZNF189,0.473124327477894,0.00614774224108877
AK2,0.4119554762257778,0.00614774224108877
UBFD1,0.4440156739367431,0.00614774224108877
UTP25,0.4996691904851729,0.00614774224108877
CDC40,0.4795599361174654,0.006156867511837953
ZNF689,0.4004584698983491,0.006156867511837953
ADPGK,0.4234289980879371,0.006156867511837953
MAPK9,0.485608774682615,0.006156867511837953
GTF2H3,0.4814480723830745,0.006156867511837953
MRAS,0.4194566736737264,0.006156867511837953
TUBGCP3,0.3878612964907058,0.006156867511837953
SUN1,0.48976334691811196,0.006156867511837953
ZNF532,0.5623015676967555,0.006165415551391774
LY75,0.6682409181760915,0.006179578771286618
SHLD2,0.5811457726451534,0.0061801195757555565
ELK1,0.3757400314175521,0.006182591927246036
AP1B1,0.31981303039582176,0.006182591927246036
CREB3L2,0.48654350192570384,0.006187124178070242
ATG2B,0.5270681099142918,0.006191443375583095
SENP5,0.4565510034429572,0.006191443375583095
CPSF2,0.47122009242498386,0.006228053527898378
CDK6,0.5477907394985309,0.006241426141635923
GALNT2,0.33967584580317034,0.006305915541739728
CNOT1,0.4632000811274768,0.0063059829258970005
TRMT2B,0.49080890484882156,0.0063206581754343145
CNP,0.33053623214410344,0.006324246682863046
ALKBH1,0.3474050768569077,0.006353659318454306
RANBP2,0.6145474940496571,0.006391873484120834
ZNF761,0.5607151378032809,0.006391873484120834
CCDC15,0.36353589807046083,0.006408633091019742
MFSD2A,0.35937328878646624,0.006408633091019742
HEATR5B,0.5499610495145486,0.006464935585067276
ABL2,0.478294520643324,0.006477518063115559
ACADSB,0.6106292252451295,0.0065050060420225615
ZNF607,0.4673404308320046,0.0065050060420225615
COPA,0.373257515584438,0.0065050060420225615
TAFA1,0.37852752528897804,0.0065050060420225615
PIGL,0.5323454471882902,0.0065050060420225615
TSPAN17,0.36844464882917016,0.0065050060420225615
PBRM1,0.5122593729452483,0.006508192395138584
WDR27,0.5137255400435001,0.006529079838172177
CEP85,0.4646858504920117,0.006529079838172177
PIK3R4,0.44004625789400276,0.006529079838172177
RMDN3,0.3519933054487647,0.006529079838172177
METTL3,0.47069960957057333,0.006529079838172177
ZFP69B,0.3604672182830846,0.006529079838172177
GOLGA8B,0.7365697992053422,0.006564287869473599
LRRC8D,0.4345066931871555,0.0065721060571949375
GFPT1,0.5192682163843712,0.0065721060571949375
ZHX3,0.4218511106169318,0.0065721060571949375
IDE,0.4944115024207303,0.0065721060571949375
ITGA4,0.6445267298652908,0.0065721060571949375
MTIF2,0.509309820709722,0.006597068825966134
NIPSNAP3A,0.5220392656421939,0.006597068825966134
RPL10P9,-1.0664067957876135,0.006597068825966134
ZNF629,0.4111302572595439,0.006597068825966134
MED1,0.49014260340058513,0.006597068825966134
MTR,0.6593682030588406,0.006597068825966134
KIF3B,0.43418937868793783,0.006597068825966134
SHPRH,0.5755397129142237,0.006597068825966134
HAUS2,0.437407222510954,0.006597068825966134
ATP10D,0.45910570736325074,0.006597068825966134
ARHGEF10L,0.42833958566490526,0.006597068825966134
TMEM242,0.4186021105994917,0.006597068825966134
ATP6AP2,0.4350102398894462,0.006597068825966134
SLC29A3,0.4161258513119064,0.006597068825966134
FKTN,0.5571440174837892,0.006597068825966134
AFAP1,0.6708394874570289,0.006597068825966134
TASOR,0.5761146595243503,0.006597068825966134
SLC26A2,0.556983237251119,0.006597068825966134
ZFYVE26,0.40504350896328223,0.006597068825966134
ELK4,0.6360765281573304,0.006597068825966134
TMEM209,0.5510568395445214,0.006600067799826299
ADNP2,0.4767622765406223,0.006600067799826299
AKAP13,0.4395207088066915,0.006600067799826299
CNIH4,0.43047085334849555,0.0066064819866167
TBC1D2B,0.44238417528382445,0.006618573754294719
TNFAIP3,0.49596451927506635,0.006618573754294719
ENSG00000189144,0.5195180855115762,0.006618573754294719
INSR,0.3745239338000417,0.006618573754294719
UBR4,0.4465395708695876,0.006618573754294719
ABCE1,0.5993111239416198,0.006618573754294719
SH3RF1,0.42387453468152136,0.006618573754294719
LRRC8B,0.5773099850223584,0.00662722849202588
LRIG1,0.6451133085578822,0.00662722849202588
TXNRD3,0.295979549374931,0.006639724015219796
GANAB,0.44146418082935046,0.006646367517256195
VDAC2,0.3740572488295735,0.006646367517256195
ZNF818P,0.5989966779460172,0.006646367517256195
ZNF274,0.39204379911234977,0.006646367517256195
DHX15,0.4859711479228572,0.006646367517256195
MTMR4,0.44959824073719545,0.006646367517256195
PDLIM5,0.39658872194037187,0.006646367517256195
PEX7,0.30391461959204813,0.006671944199057263
PPARA,0.5156298767061887,0.006697169555953865
HERC1,0.49358686458348267,0.006697169555953865
RAPGEF6,0.612667433269058,0.006706952584690842
MKKS,0.4617995348860662,0.0067214294960352096
ZNF544,0.5186032813264219,0.0067214294960352096
ZNF234,0.49716860361235016,0.0067214294960352096
ZNF541,0.17479190179874587,0.0067214294960352096
ASB13,0.4346440181084188,0.0067214294960352096
OSBPL1A,0.46412531634643805,0.006727124125512274
JRKL,0.5458236954229347,0.006730185023312658
SECISBP2,0.3674387438835902,0.006735139936521235
ANKIB1,0.578640552063737,0.006735139936521235
DCAF4,0.4951409508237563,0.006735139936521235
MSANTD4,0.5320666936805551,0.006735139936521235
HCCS,0.33833438970147256,0.006743218734722662
TAF1,0.5224265122065734,0.006743218734722662
NFKB1,0.36191192794536065,0.006743218734722662
CHD9,0.5596821613216427,0.006743218734722662
BET1P1,0.31712306070316043,0.006743218734722662
HMGXB4,0.40612785705637844,0.006743837211857353
CAMK2D,0.5764232293979328,0.006743837211857353
MAN2B1,0.31762012552040186,0.006743837211857353
ZBED4,0.47906990300718366,0.006743837211857353
CNDP2,0.3650953674125237,0.006743837211857353
KMT2A,0.5949905770480957,0.006743837211857353
SLC11A2,0.47667790067894034,0.006743837211857353
RNF214,0.46193341417314304,0.006743837211857353
ATAD5,0.47272756208688294,0.00674928608672729
PDIK1L,0.5498689019448539,0.00674928608672729
NLRC4,0.36599899664848135,0.00674928608672729
WDR41,0.43058870304006724,0.00674928608672729
NOTCH2,0.42533289204114677,0.006768518642970223
COG6,0.5422514169502186,0.006771267460880528
TFB2M,0.4861087389704113,0.006796499502708739
ANAPC1,0.5506260305225599,0.006799205864816308
MTOR,0.46166757732058006,0.006799205864816308
MTMR1,0.45110826148632466,0.006799205864816308
GLG1,0.4621737934545367,0.006799205864816308
CS,0.37676437988614087,0.006799205864816308
METTL16,0.5060005121376117,0.006799205864816308
CEP104,0.42645675629486846,0.006799205864816308
HCFC1,0.4454983541466211,0.006804707367449186
MLH1,0.38856224806493067,0.006804707367449186
VCAN,0.5640698828686315,0.006804707367449186
CMC4,0.38116478003951304,0.006804707367449186
LARP4B,0.4456336053332306,0.006818599711628422
ZNF621,0.5619691950481496,0.006818599711628422
PNPO,0.4166849772623058,0.006818599711628422
GBGT1,0.2630365305282649,0.006818599711628422
SETD7,0.48051804400979936,0.006818599711628422
FCF1,0.42220444014865954,0.006818599711628422
ERC1,0.4554305873620912,0.006818599711628422
ZDHHC4,0.3774852909572286,0.006818599711628422
SLC35A1,0.5461502261148206,0.006818599711628422
REV3L,0.5716892720239422,0.006818599711628422
IARS1,0.5527820130416927,0.006818599711628422
PRKAB1,0.38756596632510654,0.006841362365990332
GART,0.4293238771229886,0.006841362365990332
HACD1,0.19598505465730154,0.006841362365990332
GNPTAB,0.5519780785494905,0.006841362365990332
FBXO21,0.49911010675865874,0.006841362365990332
MIMS1,0.4090551946637957,0.006855096780830685
OTUD4,0.5802273372440085,0.006855096780830685
RELCH,0.5580924879808613,0.006855096780830685
ATG10,0.41334922906267657,0.006904458016996812
BAG5,0.45059223521438785,0.006906475800037843
ICE1,0.5615142160937996,0.006906475800037843
SELENOI,0.5154570063856516,0.006906475800037843
ZHX1,0.5172359562230349,0.006906677330178206
CCDC86,0.33878762352970604,0.006906677330178206
LRRC37A4P,0.7748535337951772,0.006919466541234078
SYNE3,0.48899306129457454,0.0069208367452602785
PIWIL4,0.3555588277887791,0.006940169452798388
HAS3,0.2980125517135409,0.006943293246503141
UQCC6,0.37601546131120545,0.006943293246503141
ZNF565,0.4019113377784864,0.006943293246503141
P2RY1,0.34519126255441623,0.006946745548099305
UVSSA,0.4661697191956309,0.006946745548099305
SLC30A5,0.4832354721485803,0.006946745548099305
HEATR1,0.5504706243975939,0.006946745548099305
DYNC1I2,0.40135100931149825,0.006946745548099305
TMEM41A,0.43619242867254826,0.006946745548099305
PARP4,0.4146490886543921,0.006946745548099305
ZNF17,0.4718678915092256,0.006946745548099305
TRIT1,0.4271244674801644,0.006946745548099305
XYLT1,0.44025982291207555,0.006946745548099305
ZNF251,0.5071392897794316,0.006946745548099305
FNIP2,0.4500531709186846,0.006946745548099305
USP53,0.6691738543716208,0.006946745548099305
ZNF347,0.5196544778914189,0.006946745548099305
SMCO4,0.4767789451676321,0.006946745548099305
TMEM62,0.35059709951390916,0.006946745548099305
COG5,0.5341498829070845,0.006946745548099305
SFXN4,0.4995383577192154,0.006946745548099305
INAFM2,0.39907447820673436,0.006946745548099305
GVINP1,0.6736236230597203,0.006946745548099305
KIF16B,0.48875965761747775,0.006946745548099305
CAND1,0.5361216307733558,0.006946745548099305
DDX31,0.4552092434811428,0.006946745548099305
CXCL8,0.9126099752863852,0.006946745548099305
FAM149B1,0.4183713278897847,0.006946745548099305
PAQR8,0.559642628569736,0.006946745548099305
YARS1,0.4024258314538418,0.006946745548099305
NSD1,0.44131220776109803,0.006946745548099305
UST,0.4401518470025394,0.006963931148392367
ZMYM3,0.44961692396996344,0.006963931148392367
EXT2,0.47265586308486984,0.006963931148392367
SEPHS2,0.3664427415948399,0.006963931148392367
STEEP1,0.417436125624171,0.006963931148392367
VPS13B,0.5241747776410639,0.006963931148392367
NUP155,0.47777897705952777,0.006963931148392367
NBPF12,0.4577817124749224,0.006963931148392367
NUBP1,0.3218086549987276,0.006963931148392367
TM2D2,0.42505472177334447,0.006963931148392367
TPRG1,0.5754964077732119,0.006963931148392367
WASHC5,0.3968305988925387,0.006963931148392367
GSR,0.3659764302743378,0.006963931148392367
TOMM20P2,0.38492607161323367,0.006963931148392367
CLTCL1,0.37010857070348235,0.006963931148392367
TMEM268,0.41513581614875594,0.006963931148392367
KDM4A,0.37639858132047266,0.006963931148392367
CYB5R1,0.30155405820510417,0.006963931148392367
DARS2,0.4303851634257856,0.006963931148392367
SMIM7,0.3946116185139914,0.006963931148392367
FBXO45,0.43899916343831347,0.006963931148392367
USP46,0.47342609885267395,0.006963931148392367
TMEM185B,0.4021968302115724,0.006963931148392367
SUCO,0.5577960236038564,0.006963931148392367
DOCK2,0.3756016662686985,0.006977360069555186
NKAPD1,0.49299370597961945,0.006977360069555186
POLR2D,0.4161191631786849,0.006977360069555186
DHX9,0.45334669677987094,0.006977360069555186
FCHSD2,0.41447061422414233,0.006977360069555186
PDP1,0.560484596928922,0.006977360069555186
RPL7L1,0.45354831298161,0.006977360069555186
SCP2,0.43616816890499255,0.006977360069555186
MR1,0.3870146976135702,0.006977360069555186
SEC16A,0.4129805797670114,0.006977360069555186
ACLY,0.4342925002288158,0.006977360069555186
ZSCAN29,0.4536654645174574,0.006977360069555186
DENND4A,0.5158822866357822,0.006977360069555186
CPSF3,0.41463887048381487,0.006977360069555186
TAF5L,0.4267834400975272,0.006977360069555186
CLUAP1,0.5579619000569296,0.006977360069555186
MFAP3,0.515418103661279,0.006977360069555186
ENO1,0.2955965550946935,0.006977360069555186
TPCN1,0.46609009520956857,0.006977360069555186
CYLD,0.47841527124001093,0.006977360069555186
BRI3BP,0.47614823711959087,0.006977360069555186
PAFAH1B1,0.41925553023785156,0.006977360069555186
AP4E1,0.4641838661921107,0.006977360069555186
MYO9A,0.534041102111285,0.006977360069555186
M6PR,0.3678137306089706,0.006977360069555186
PLCXD1,0.5872138664178528,0.006977360069555186
BBS2,0.5524909653557666,0.006981731052845147
C6orf120,0.5126462337903099,0.006981731052845147
DAPK1,0.5300733143179146,0.006981731052845147
RASA1,0.50296072011741,0.006981731052845147
FERRY3,0.4809848264382435,0.006990478494002602
TULP4,0.5120704175072581,0.006990478494002602
